#,Level,Category Name,Slug,Language,Parent Category,Full Path,Total Posts,Published,Drafts,Private,Posts Last 24 Months,First Post Date,Last Post Date,Slug Match Method
1,1,“Green” Means No Humanity,green-fr,French,,“Green” Means No Humanity,2,0,2,0,0,2012-12-11,2015-11-03,exact
2,1,180,180,English (default),,180,3,3,0,0,0,2021-05-01,2022-07-10,exact
3,1,316,316,English (default),,316,1,1,0,0,0,2022-12-14,2022-12-14,exact
4,1,33,33,English (default),,33,1,1,0,0,0,2021-07-11,2021-07-11,exact
5,1,37,37,English (default),,37,251,250,1,0,10,2021-03-08,2024-11-27,exact
6,1,40,,unknown,,40,0,0,0,0,0,,,no-posts-in-export
7,1,436,436,English (default),,436,13,13,0,0,5,2021-07-11,2024-09-25,exact
8,1,438,438,English (default),,438,47,47,0,0,3,2021-04-12,2024-11-27,exact
9,1,448,448,English (default),,448,12,12,0,0,0,2021-03-18,2022-03-09,exact
10,1,465,465,English (default),,465,15,15,0,0,5,2023-08-08,2024-09-25,exact
11,1,471,471,English (default),,471,17,17,0,0,2,2021-04-28,2024-11-27,exact
12,1,480,480,English (default),,480,1,1,0,0,0,2022-05-05,2022-05-05,exact
13,1,481,481,English (default),,481,2,2,0,0,0,2021-07-11,2024-01-15,exact
14,1,483,483,English (default),,483,16,16,0,0,5,2021-07-11,2024-09-25,exact
15,1,508,508,English (default),,508,1,1,0,0,0,2021-07-11,2021-07-11,exact
16,1,520,520,English (default),,520,1,1,0,0,0,2021-07-11,2021-07-11,exact
17,1,524,524,English (default),,524,206,206,0,0,0,2021-03-08,2024-03-27,exact
18,1,526,526,English (default),,526,47,47,0,0,0,2021-03-23,2024-05-11,exact
19,1,527,527,English (default),,527,1,1,0,0,0,2021-04-27,2021-04-27,exact
20,1,528,528,English (default),,528,12,12,0,0,0,2021-03-23,2024-05-29,exact
21,1,529,529,English (default),,529,1,1,0,0,0,2021-04-27,2021-04-27,exact
22,1,530,530,English (default),,530,107,107,0,0,0,2021-03-08,2024-03-27,exact
23,1,531,531,English (default),,531,13,13,0,0,0,2021-03-18,2022-05-29,exact
24,1,537,537,English (default),,537,12,12,0,0,2,2021-05-29,2024-11-27,exact
25,1,539,539,English (default),,539,16,16,0,0,0,2021-04-17,2022-12-09,exact
26,1,540,540,English (default),,540,16,16,0,0,0,2021-03-23,2022-12-09,exact
27,1,541,,unknown,,541,0,0,0,0,0,,,no-posts-in-export
28,1,542,542,English (default),,542,9,9,0,0,1,2021-04-15,2024-07-25,exact
29,1,544,544,English (default),,544,19,19,0,0,0,2021-03-13,2022-08-30,exact
30,1,550,550,English (default),,550,6,6,0,0,0,2021-03-08,2022-05-29,exact
31,1,551,551,English (default),,551,134,134,0,0,0,2021-03-08,2023-08-22,exact
32,1,563,563,English (default),,563,25,25,0,0,0,2021-04-12,2024-05-11,exact
33,1,564,564,English (default),,564,1,1,0,0,0,2021-10-20,2021-10-20,exact
34,1,565,565,English (default),,565,1,1,0,0,0,2021-07-06,2021-07-06,exact
35,1,628,628,English (default),,628,15,15,0,0,0,2021-03-13,2022-01-20,exact
36,1,633,633,English (default),,633,1,1,0,0,0,2021-07-11,2021-07-11,exact
37,1,635,635,English (default),,635,26,26,0,0,0,2021-03-08,2022-08-03,exact
38,1,636,636,English (default),,636,20,20,0,0,0,2021-03-08,2022-08-04,exact
39,1,637,637,English (default),,637,36,36,0,0,0,2021-03-13,2022-11-30,exact
40,1,639,639,English (default),,639,1,1,0,0,0,2021-07-11,2021-07-11,exact
41,1,645,645,English (default),,645,1,1,0,0,0,2021-04-27,2021-04-27,exact
42,1,648,648,English (default),,648,5,5,0,0,0,2021-04-12,2022-09-23,exact
43,1,65,65,English (default),,65,1,0,1,0,0,2021-02-18,2021-02-18,exact
44,1,658,658,English (default),,658,47,47,0,0,0,2021-03-13,2022-12-09,exact
45,1,659,659,English (default),,659,105,105,0,0,0,2021-03-13,2024-05-29,exact
46,1,94,94,English (default),,94,11,11,0,0,0,2021-04-27,2024-03-02,exact
47,1,95,95,English (default),,95,21,21,0,0,0,2021-03-08,2022-08-08,exact
48,1,96,96,English (default),,96,79,79,0,0,0,2021-03-08,2024-03-27,exact
49,1,A New Renaissance,a-new-renaissance-ru,Russian,,A New Renaissance,2,2,0,0,0,2017-01-01,2017-01-03,exact
50,1,Activity of the Schiller Institute,activity,English (default),,Activity of the Schiller Institute,137,137,0,0,3,2014-03-24,2025-03-24,heuristic
51,2,Media coverage of our activity,activity-coverage,English (default),Activity of the Schiller Institute,Activity of the Schiller Institute > Media coverage of our activity,67,67,0,0,2,2016-03-18,2026-01-17,heuristic
52,2,Our conferences,activity-conference,English (default),Activity of the Schiller Institute,Activity of the Schiller Institute > Our conferences,75,74,0,1,1,2013-02-08,2024-12-06,heuristic
53,2,Our cultural events,activity-cultural,English (default),Activity of the Schiller Institute,Activity of the Schiller Institute > Our cultural events,26,26,0,0,1,2015-03-12,2024-12-16,exact
54,2,Our economic development events,activity-economic,English (default),Activity of the Schiller Institute,Activity of the Schiller Institute > Our economic development events,25,25,0,0,0,2016-03-18,2024-05-14,exact
55,2,"Our initiatives (petitions, etc)",activity-initiatives,English (default),Activity of the Schiller Institute,"Activity of the Schiller Institute > Our initiatives (petitions, etc)",69,69,0,0,1,2018-09-23,2024-08-05,heuristic
56,2,Our musical events,activity-musical,English (default),Activity of the Schiller Institute,Activity of the Schiller Institute > Our musical events,30,30,0,0,1,2013-10-22,2024-12-16,exact
57,2,Youth Movement,youth-movement,English (default),Activity of the Schiller Institute,Activity of the Schiller Institute > Youth Movement,4,4,0,0,1,2021-02-13,2025-11-11,heuristic
58,1,Activity of the Schiller Institute,activity-de,German,,Activity of the Schiller Institute,88,88,0,0,2,2019-02-19,2025-06-17,heuristic
59,2,internationale Friedenskoalition,internationale-friedenskoalition,English (default),Activity of the Schiller Institute,Activity of the Schiller Institute > internationale Friedenskoalition,110,110,0,0,93,2023-07-23,2026-06-22,exact
60,1,Afghanistan,afghanistan,English (default),,Afghanistan,65,65,0,0,0,2021-07-21,2024-03-01,heuristic
61,1,Allgemein,allgemein-fr,French,,Allgemein,1,0,1,0,0,2014-12-29,2014-12-29,heuristic
62,1,Allgemein,allgemein-ru,Russian,,Allgemein,38,35,3,0,0,2013-04-30,2019-02-16,heuristic
63,1,Allgemein,allgemein-el,Greek,,Allgemein,1,1,0,0,0,2013-04-27,2013-04-27,heuristic
64,1,Allgemein,allgemein-it,Italian,,Allgemein,1,1,0,0,0,2015-08-31,2015-08-31,exact
65,1,Allgemein,,unknown,,Allgemein,0,0,0,0,0,,,no-posts-in-export
66,1,Allgemein,,unknown,,Allgemein,0,0,0,0,0,,,no-posts-in-export
67,1,Allgemein,,unknown,,Allgemein,0,0,0,0,0,,,no-posts-in-export
68,1,Allgemein @zh-hans,allgemein-zh-hans,Chinese,,Allgemein @zh-hans,4,4,0,0,2,2020-05-27,2025-06-14,exact
69,1,BRI,bri-de,German,,BRI,120,118,2,0,1,2014-04-02,2024-12-19,exact
70,1,BRICS,brics-de-2,German,,BRICS,37,36,1,0,0,2016-03-18,2023-08-22,heuristic
71,1,BRICS,brics-de,German,,BRICS,90,88,2,0,0,2014-05-13,2023-08-22,heuristic
72,1,BRICS,brics-de-ru,Russian,,BRICS,1,1,0,0,0,2017-01-03,2017-01-03,heuristic
73,1,CCD Hitlist,ccd-hitlist,English (default),,CCD Hitlist,17,17,0,0,0,2022-07-28,2022-09-02,exact
74,1,China,china,English (default),,China,114,113,1,0,1,2021-02-24,2024-12-13,heuristic
75,1,China SI activity,location-china,English (default),,China SI activity,13,12,0,1,2,2017-02-12,2025-04-29,heuristic
76,1,Color Revolutions,color-revolutions,English (default),,Color Revolutions,40,40,0,0,0,2021-02-16,2023-03-06,heuristic
77,1,Counterintelligence,counterintelligence,English (default),,Counterintelligence,16,16,0,0,0,2021-03-07,2022-09-22,heuristic
78,1,Counterintelligence,counterintelligence-de,German,,Counterintelligence,17,17,0,0,0,2021-03-07,2023-02-09,heuristic
79,1,Coverage,coverage-de,German,,Coverage,79,78,1,0,1,2017-09-23,2024-10-23,heuristic
80,1,Coverage,coverage-de-2,German,,Coverage,50,49,1,0,1,2018-07-15,2024-10-23,heuristic
81,1,Culture,culture,English (default),,Culture,3,3,0,0,0,2023-11-15,2024-05-12,exact
82,1,Daily Beethoven — Sparks of Joy,daily-beethoven-sparks-of-joy,English (default),,Daily Beethoven — Sparks of Joy,82,81,0,1,0,2020-11-02,2021-05-23,heuristic
83,1,Daily Beethoven — Sparks of Joy,daily-beethoven-sparks-of-joy-de,German,,Daily Beethoven — Sparks of Joy,1,1,0,0,0,2021-02-26,2021-02-26,heuristic
84,1,Denmark,denmark,English (default),,Denmark,4,4,0,0,0,2021-04-30,2024-05-14,exact
85,1,Economic development studies,studies-economic,English (default),,Economic development studies,12,12,0,0,0,2018-07-19,2022-04-06,heuristic
86,1,Economic development updates,updates-development,English (default),,Economic development updates,331,330,1,0,0,2014-09-24,2024-01-10,heuristic
87,1,Food/agriculture,food-agriculture,English (default),,Food/agriculture,6,6,0,0,0,2021-12-15,2022-08-10,exact
88,1,Freedom of Press & Speech,freedom-of-press-speech,English (default),,Freedom of Press & Speech,3,3,0,0,0,2022-12-08,2024-01-10,exact
89,1,General,allgemein,English (default),,General,1565,1495,64,6,201,2014-09-18,2026-06-19,exact
90,1,General updates,updates,English (default),,General updates,669,664,3,2,3,2018-02-10,2024-09-29,heuristic
91,2,Cultural renaissance updates,updates-culture,English (default),General updates,General updates > Cultural renaissance updates,72,71,1,0,0,2013-03-12,2024-03-01,exact
92,3,Music updates,updates-music,English (default),Cultural renaissance updates,General updates > Cultural renaissance updates > Music updates,77,76,0,1,0,2013-10-22,2023-07-19,heuristic
93,2,Economic development updates,updates-development-de,German,General updates,General updates > Economic development updates,74,74,0,0,0,2020-03-15,2023-08-14,exact
94,3,Agriculture,agriculture,English (default),Economic development updates,General updates > Economic development updates > Agriculture,67,67,0,0,0,2021-03-11,2024-01-10,exact
95,3,BRI – Belt & Road,bri-belt-road,English (default),Economic development updates,General updates > Economic development updates > BRI – Belt & Road,13,13,0,0,0,2021-11-26,2023-03-05,exact
96,3,BRICS updates,updates-brics,English (default),Economic development updates,General updates > Economic development updates > BRICS updates,23,23,0,0,0,2014-09-25,2023-03-05,exact
97,3,Education,education,English (default),Economic development updates,General updates > Economic development updates > Education,3,3,0,0,0,2022-08-29,2023-11-07,exact
98,3,Healthcare,healthcare,English (default),Economic development updates,General updates > Economic development updates > Healthcare,89,89,0,0,0,2021-02-16,2022-11-29,heuristic
99,3,New financial order updates,updates-finance,English (default),Economic development updates,General updates > Economic development updates > New financial order updates,46,46,0,0,0,2019-03-18,2023-01-19,heuristic
100,3,New Silk Road / BRI updates,updates-bri,English (default),Economic development updates,General updates > Economic development updates > New Silk Road / BRI updates,151,150,0,1,1,2014-11-05,2024-12-13,exact
101,3,Power & Energy,power-energy,English (default),Economic development updates,General updates > Economic development updates > Power & Energy,44,44,0,0,0,2021-04-13,2023-01-19,exact
102,3,Railway projects,railway-projects,English (default),Economic development updates,General updates > Economic development updates > Railway projects,8,8,0,0,0,2022-02-03,2023-11-07,exact
103,3,Space updates,updates-space,English (default),Economic development updates,General updates > Economic development updates > Space updates,54,54,0,0,0,2013-03-27,2023-01-19,heuristic
104,3,World Land-Bridge updates,updates-wlb,English (default),Economic development updates,General updates > Economic development updates > World Land-Bridge updates,86,85,0,1,0,2013-09-26,2023-01-19,heuristic
105,2,Finance,finance,English (default),General updates,General updates > Finance,46,46,0,0,0,2021-02-26,2023-05-09,exact
106,2,Geopolitics updates,updates-geopolitics,English (default),General updates,General updates > Geopolitics updates,240,240,0,0,3,2014-11-05,2024-09-29,heuristic
107,3,Environmentalism updates,updates-environmentalism,English (default),Geopolitics updates,General updates > Geopolitics updates > Environmentalism updates,60,60,0,0,0,2012-12-11,2023-07-22,exact
108,4,Green New Deal,green-new-deal,English (default),Environmentalism updates,General updates > Geopolitics updates > Environmentalism updates > Green New Deal,51,51,0,0,0,2021-02-16,2022-08-03,heuristic
109,3,Sanctions,sanctions,English (default),Geopolitics updates,General updates > Geopolitics updates > Sanctions,53,53,0,0,0,2021-07-25,2023-07-30,exact
110,3,World war danger updates,updates-war,English (default),Geopolitics updates,General updates > Geopolitics updates > World war danger updates,200,200,0,0,3,2013-09-26,2024-09-29,exact
111,4,Color Revolutions,color-revolutions-de,German,World war danger updates,General updates > Geopolitics updates > World war danger updates > Color Revolutions,25,25,0,0,0,2021-02-16,2023-02-09,exact
112,1,General updates,updates-de,German,,General updates,82,82,0,0,2,2019-02-13,2024-09-07,heuristic
113,1,General updates,updates-ru,Russian,,General updates,1,1,0,0,0,2019-02-13,2019-02-13,heuristic
114,1,Geopolitics updates,updates-geopolitics-de,German,,Geopolitics updates,84,84,0,0,2,2019-03-28,2024-09-07,heuristic
115,1,Germany SI activity,location-germany,English (default),,Germany SI activity,9,9,0,0,0,2013-02-08,2020-01-22,heuristic
116,1,Global Diplomacy,global-diplomacy,English (default),,Global Diplomacy,245,243,2,0,2,2021-02-24,2026-01-26,heuristic
117,2,Afghanistan,afghanistan-allgemein-de,German,Global Diplomacy,Global Diplomacy > Afghanistan,60,60,0,0,0,2021-07-09,2022-02-11,exact
118,2,Africa,africa,English (default),Global Diplomacy,Global Diplomacy > Africa,7,7,0,0,0,2022-05-11,2024-05-15,exact
119,2,Argentina,argentina,English (default),Global Diplomacy,Global Diplomacy > Argentina,7,7,0,0,0,2021-04-03,2022-07-09,exact
120,2,Belrus,belrus,English (default),Global Diplomacy,Global Diplomacy > Belrus,4,4,0,0,0,2021-07-29,2022-05-28,exact
121,2,Bolivia,bolivia,English (default),Global Diplomacy,Global Diplomacy > Bolivia,3,3,0,0,0,2021-05-17,2021-07-28,exact
122,2,Brazil,brazil,English (default),Global Diplomacy,Global Diplomacy > Brazil,4,4,0,0,0,2021-03-17,2022-08-04,exact
123,2,Britain,britain,English (default),Global Diplomacy,Global Diplomacy > Britain,4,4,0,0,0,2021-11-03,2022-08-07,exact
124,2,China,china-de,German,Global Diplomacy,Global Diplomacy > China,52,52,0,0,1,2021-03-08,2024-12-19,exact
125,2,Costa Rica,costa-rica,English (default),Global Diplomacy,Global Diplomacy > Costa Rica,1,1,0,0,0,2021-07-28,2021-07-28,exact
126,2,Cuba,cuba,English (default),Global Diplomacy,Global Diplomacy > Cuba,4,4,0,0,0,2021-04-08,2021-09-29,exact
127,2,Dominican Republic,dominican-republic,English (default),Global Diplomacy,Global Diplomacy > Dominican Republic,3,3,0,0,0,2021-10-19,2021-11-10,exact
128,2,Ecuador,ecuador,English (default),Global Diplomacy,Global Diplomacy > Ecuador,1,1,0,0,0,2021-07-28,2021-07-28,exact
129,2,Egypt,egypt,English (default),Global Diplomacy,Global Diplomacy > Egypt,1,1,0,0,0,2021-07-23,2021-07-23,exact
130,2,El Salvador,el-salvador,English (default),Global Diplomacy,Global Diplomacy > El Salvador,4,4,0,0,0,2021-05-16,2021-06-24,exact
131,2,France,france,English (default),Global Diplomacy,Global Diplomacy > France,7,7,0,0,0,2021-08-05,2024-05-15,exact
132,2,Germany,germany,English (default),Global Diplomacy,Global Diplomacy > Germany,22,22,0,0,0,2021-07-22,2023-03-05,exact
133,2,Greece,greece,English (default),Global Diplomacy,Global Diplomacy > Greece,4,4,0,0,0,2021-05-13,2022-09-22,exact
134,2,Haiti,haiti,English (default),Global Diplomacy,Global Diplomacy > Haiti,14,14,0,0,0,2021-08-18,2022-03-26,heuristic
135,2,Honduras,honduras,English (default),Global Diplomacy,Global Diplomacy > Honduras,2,2,0,0,0,2021-05-16,2021-05-28,exact
136,2,Hungry,hungry,English (default),Global Diplomacy,Global Diplomacy > Hungry,1,1,0,0,0,2022-02-03,2022-02-03,exact
137,2,India,india,English (default),Global Diplomacy,Global Diplomacy > India,16,16,0,0,1,2021-04-07,2026-01-17,exact
138,2,Iran,iran,English (default),Global Diplomacy,Global Diplomacy > Iran,3,3,0,0,1,2021-09-07,2026-01-17,exact
139,2,Italy,italy,English (default),Global Diplomacy,Global Diplomacy > Italy,5,5,0,0,0,2021-08-01,2022-07-09,exact
140,2,Kazakhstan,kazakhstan,English (default),Global Diplomacy,Global Diplomacy > Kazakhstan,5,5,0,0,0,2021-08-08,2022-07-29,exact
141,2,Kyrgyzstan,kyrgyzstan,English (default),Global Diplomacy,Global Diplomacy > Kyrgyzstan,5,5,0,0,0,2021-09-26,2022-08-03,exact
142,2,Libya,libya,English (default),Global Diplomacy,Global Diplomacy > Libya,1,1,0,0,0,2021-09-29,2021-09-29,exact
143,2,Malaysia,malaysia,English (default),Global Diplomacy,Global Diplomacy > Malaysia,1,1,0,0,1,2024-08-05,2024-08-05,exact
144,2,Mexico,mexico,English (default),Global Diplomacy,Global Diplomacy > Mexico,9,8,1,0,0,2021-03-02,2022-12-08,exact
145,2,Mozambique,mozambique,English (default),Global Diplomacy,Global Diplomacy > Mozambique,1,1,0,0,0,2021-12-19,2021-12-19,exact
146,2,Netherlands,netherlands,English (default),Global Diplomacy,Global Diplomacy > Netherlands,1,1,0,0,0,2022-07-09,2022-07-09,exact
147,2,New Zealand,new-zealand,English (default),Global Diplomacy,Global Diplomacy > New Zealand,1,1,0,0,0,2022-08-03,2022-08-03,exact
148,2,Nicaragua,nicaragua,English (default),Global Diplomacy,Global Diplomacy > Nicaragua,1,1,0,0,0,2021-09-29,2021-09-29,exact
149,2,Nigeria,nigeria-global-diplomacy,English (default),Global Diplomacy,Global Diplomacy > Nigeria,2,2,0,0,0,2021-11-10,2022-05-11,heuristic
150,2,Norway,norway-global-diplomacy,English (default),Global Diplomacy,Global Diplomacy > Norway,1,1,0,0,0,2022-11-29,2022-11-29,heuristic
151,2,Pakistan,pakistan-global-diplomacy,English (default),Global Diplomacy,Global Diplomacy > Pakistan,20,20,0,0,1,2021-07-21,2026-01-17,heuristic
152,2,Palestine,palestine,English (default),Global Diplomacy,Global Diplomacy > Palestine,1,1,0,0,0,2024-02-10,2024-02-10,exact
153,2,Paraguay,paraguay,English (default),Global Diplomacy,Global Diplomacy > Paraguay,1,1,0,0,0,2021-07-28,2021-07-28,exact
154,2,Peru,peru,English (default),Global Diplomacy,Global Diplomacy > Peru,2,2,0,0,0,2022-01-25,2022-01-25,exact
155,2,Philipines,philipines,English (default),Global Diplomacy,Global Diplomacy > Philipines,1,1,0,0,0,2022-07-03,2022-07-03,exact
156,2,Russia,russia,English (default),Global Diplomacy,Global Diplomacy > Russia,100,100,0,0,1,2021-03-10,2024-08-26,exact
157,2,Saudi Arabia,saudi-arabia,English (default),Global Diplomacy,Global Diplomacy > Saudi Arabia,1,1,0,0,0,2022-12-08,2022-12-08,exact
158,2,So. Africa,so-africa,English (default),Global Diplomacy,Global Diplomacy > So. Africa,6,6,0,0,0,2021-05-18,2022-08-19,exact
159,2,South Korea,south-korea,English (default),Global Diplomacy,Global Diplomacy > South Korea,1,1,0,0,0,2021-07-29,2021-07-29,exact
160,2,Syria,syria-global-diplomacy,English (default),Global Diplomacy,Global Diplomacy > Syria,5,5,0,0,0,2021-05-11,2023-02-28,heuristic
161,2,Tajikistan,tajikistan,English (default),Global Diplomacy,Global Diplomacy > Tajikistan,2,2,0,0,0,2022-08-03,2022-08-03,exact
162,2,Thailand,thailand,English (default),Global Diplomacy,Global Diplomacy > Thailand,1,1,0,0,0,2022-12-03,2022-12-03,exact
163,2,Turkey,turkey,English (default),Global Diplomacy,Global Diplomacy > Turkey,2,2,0,0,0,2022-08-03,2023-02-07,exact
164,2,Turkmenistan,turkmenistan,English (default),Global Diplomacy,Global Diplomacy > Turkmenistan,3,3,0,0,0,2021-08-08,2022-07-29,exact
165,2,Ukraine,ukraine,English (default),Global Diplomacy,Global Diplomacy > Ukraine,20,20,0,0,0,2021-11-10,2022-12-08,exact
166,2,UN,un,English (default),Global Diplomacy,Global Diplomacy > UN,2,2,0,0,0,2022-08-03,2022-08-03,exact
167,2,United States,united-states,English (default),Global Diplomacy,Global Diplomacy > United States,60,58,2,0,0,2021-02-24,2022-11-29,exact
168,2,Uzbekistan,uzbekistan,English (default),Global Diplomacy,Global Diplomacy > Uzbekistan,8,8,0,0,0,2021-07-28,2022-07-29,exact
169,2,Vatican,vatican,English (default),Global Diplomacy,Global Diplomacy > Vatican,1,1,0,0,0,2022-09-01,2022-09-01,exact
170,2,Venezuela,venezuela,English (default),Global Diplomacy,Global Diplomacy > Venezuela,2,2,0,0,0,2021-04-21,2021-09-29,exact
171,2,World Food Program,world-food-program,English (default),Global Diplomacy,Global Diplomacy > World Food Program,16,16,0,0,0,2021-04-21,2022-01-07,exact
172,2,Yemen,yemen,English (default),Global Diplomacy,Global Diplomacy > Yemen,4,4,0,0,0,2021-09-29,2021-11-28,exact
173,1,Global Diplomacy,global-diplomacy-de,German,,Global Diplomacy,114,114,0,0,2,2021-03-08,2026-01-26,heuristic
174,1,Green New Deal,green-new-deal-de,German,,Green New Deal,30,30,0,0,0,2021-02-16,2022-03-25,heuristic
175,1,Haiti,haiti-allgemein-de,German,,Haiti,17,17,0,0,0,2021-08-18,2022-03-29,heuristic
176,1,Harley Schlanger Daily Update,harley_schlanger_daily_update,English (default),,Harley Schlanger Daily Update,220,217,2,1,0,2021-01-08,2022-05-11,exact
177,1,Healthcare,healthcare-updates-development,English (default),,Healthcare,101,101,0,0,0,2021-04-16,2023-11-07,heuristic
178,1,Helga media coverage or interview,hzl-coverage,English (default),,Helga media coverage or interview,85,85,0,0,14,2014-04-23,2026-04-07,heuristic
179,1,"Helga statement, article, transcript",hzl-text,English (default),,"Helga statement, article, transcript",84,83,0,1,18,2013-03-12,2026-06-19,heuristic
180,1,Helga Video,hzl-video,English (default),,Helga Video,132,132,0,0,55,2014-04-23,2025-12-19,heuristic
181,1,Helga Zepp-LaRouche,hzl,English (default),,Helga Zepp-LaRouche,186,185,1,0,25,2014-03-24,2026-01-26,heuristic
182,1,Helga Zepp-LaRouche,helga-zepp-larouche-de,German,,Helga Zepp-LaRouche,360,355,5,0,36,2014-04-10,2026-01-26,heuristic
183,2,Helga media coverage or interview,hzl-coverage-de,German,Helga Zepp-LaRouche,Helga Zepp-LaRouche > Helga media coverage or interview,61,61,0,0,17,2019-04-28,2026-04-07,exact
184,2,"Helga statement, article, transcript",hzl-text-de,German,Helga Zepp-LaRouche,"Helga Zepp-LaRouche > Helga statement, article, transcript",125,124,0,1,28,2019-05-26,2026-06-19,exact
185,2,Helga Video,hzl-video-de,German,Helga Zepp-LaRouche,Helga Zepp-LaRouche > Helga Video,234,234,0,0,60,2019-04-04,2025-12-16,exact
186,3,Helga Webcast,hzl-webcast,English (default),Helga Video,Helga Zepp-LaRouche > Helga Video > Helga Webcast,263,263,0,0,84,2017-10-11,2026-06-23,exact
187,1,Helga Zepp-LaRouche,helga-zepp-larouche-ru,Russian,,Helga Zepp-LaRouche,1,1,0,0,0,2018-05-06,2018-05-06,heuristic
188,1,History,history,English (default),,History,8,8,0,0,0,2021-06-23,2023-11-15,exact
189,1,Ibn Sina,ibn-sina,English (default),,Ibn Sina,11,11,0,0,0,2021-12-15,2022-03-25,exact
190,1,International Peace Coalition,international-peace-coalition,English (default),,International Peace Coalition,124,124,0,0,86,2023-06-20,2026-06-22,exact
191,1,Komitee Coincidenica Oppositorum (Zusammenfall der Gegensätze),komitee-coincidenica-oppositorum-zusammenfall-der-gegensatze-de,German,,Komitee Coincidenica Oppositorum (Zusammenfall der Gegensätze),16,16,0,0,0,2021-04-11,2022-01-20,exact
192,1,Locations of our activity,,unknown,,Locations of our activity,0,0,0,0,0,,,no-posts-in-export
193,2,Africa (Subsaharan) SI activity,location-africa-subsaharan,English (default),Locations of our activity,Locations of our activity > Africa (Subsaharan) SI activity,1,1,0,0,0,2019-06-26,2019-06-26,exact
194,2,Asia (Central & Northern) SI activity,location-asia-c-n,English (default),Locations of our activity,Locations of our activity > Asia (Central & Northern) SI activity,2,2,0,0,0,2018-11-28,2019-08-12,exact
195,3,Russia SI activity,location-russia,English (default),Asia (Central & Northern) SI activity,Locations of our activity > Asia (Central & Northern) SI activity > Russia SI activity,6,6,0,0,0,2016-06-07,2019-08-08,exact
196,2,"Asia (Southern, Eastern, & Southeastern) & Oceania SI activity",location-asia-s-e-se,English (default),Locations of our activity,"Locations of our activity > Asia (Southern, Eastern, & Southeastern) & Oceania SI activity",1,1,0,0,0,2016-03-03,2016-03-03,exact
197,3,China SI activity,location-china-de,German,"Asia (Southern, Eastern, & Southeastern) & Oceania SI activity","Locations of our activity > Asia (Southern, Eastern, & Southeastern) & Oceania SI activity > China SI activity",10,10,0,0,2,2019-05-26,2025-05-02,exact
198,2,Asia (Southwest) & Africa (Northern) SI activity,location-asia-sw-africa-n,English (default),Locations of our activity,Locations of our activity > Asia (Southwest) & Africa (Northern) SI activity,4,4,0,0,0,2016-03-18,2023-11-07,exact
199,2,Europe SI activity,location-europe,English (default),Locations of our activity,Locations of our activity > Europe SI activity,7,7,0,0,0,2018-02-18,2023-08-03,exact
200,3,Denmark SI activity,location-denmark,English (default),Europe SI activity,Locations of our activity > Europe SI activity > Denmark SI activity,3,3,0,0,0,2017-02-27,2021-04-26,exact
201,3,France SI activity,location-france,English (default),Europe SI activity,Locations of our activity > Europe SI activity > France SI activity,7,7,0,0,0,2018-07-15,2024-03-01,exact
202,3,Germany SI activity,location-germany-de,German,Europe SI activity,Locations of our activity > Europe SI activity > Germany SI activity,23,23,0,0,0,2019-11-17,2023-02-18,exact
203,3,Italy SI activity,italy-si-activity,English (default),Europe SI activity,Locations of our activity > Europe SI activity > Italy SI activity,1,1,0,0,0,2022-03-26,2022-03-26,exact
204,3,Sweden SI activity,location-sweden,English (default),Europe SI activity,Locations of our activity > Europe SI activity > Sweden SI activity,3,3,0,0,1,2019-07-07,2025-04-06,exact
205,2,Ibero-America SI activity,location-ibero,English (default),Locations of our activity,Locations of our activity > Ibero-America SI activity,3,3,0,0,0,2018-11-27,2022-10-13,exact
206,2,United States SI activity,location-usa,English (default),Locations of our activity,Locations of our activity > United States SI activity,9,9,0,0,0,2018-11-28,2023-08-03,heuristic
207,3,Boston SI activity,location-boston,English (default),United States SI activity,Locations of our activity > United States SI activity > Boston SI activity,7,7,0,0,0,2013-12-19,2021-04-26,exact
208,3,Detroit SI activity,location-detroit,English (default),United States SI activity,Locations of our activity > United States SI activity > Detroit SI activity,1,1,0,0,0,2021-04-26,2021-04-26,exact
209,3,Houston SI activity,location-houston,English (default),United States SI activity,Locations of our activity > United States SI activity > Houston SI activity,7,7,0,0,0,2019-01-30,2021-04-26,exact
210,3,Los Angeles SI activity,los-angeles-si-activity,English (default),United States SI activity,Locations of our activity > United States SI activity > Los Angeles SI activity,1,1,0,0,0,2019-07-03,2019-07-03,exact
211,3,New York City SI activity,location-nyc,English (default),United States SI activity,Locations of our activity > United States SI activity > New York City SI activity,34,33,0,1,0,2013-03-12,2021-04-26,heuristic
212,3,Northern Virginia SI activity,location-va,English (default),United States SI activity,Locations of our activity > United States SI activity > Northern Virginia SI activity,6,6,0,0,0,2013-10-22,2021-04-26,exact
213,3,San Francisco Bay Area SI activity,location-sf,English (default),United States SI activity,Locations of our activity > United States SI activity > San Francisco Bay Area SI activity,1,1,0,0,0,2019-07-02,2019-07-02,exact
214,3,Seattle SI activity,,unknown,United States SI activity,Locations of our activity > United States SI activity > Seattle SI activity,0,0,0,0,0,,,no-posts-in-export
215,1,Lyndon LaRouche legacy,lyndon-larouche-legacy,English (default),,Lyndon LaRouche legacy,5,5,0,0,0,2021-07-09,2022-01-01,exact
216,1,Media coverage of our activity,activity-coverage-de,German,,Media coverage of our activity,31,31,0,0,3,2019-04-28,2025-08-04,heuristic
217,1,Music updates,updates-music-de,German,,Music updates,3,3,0,0,0,2021-02-26,2021-05-14,heuristic
218,1,Neue Seidenstrasse,neue-seidenstrasse,English (default),,Neue Seidenstrasse,133,131,2,0,0,2014-04-02,2022-08-18,exact
219,1,New financial order updates,updates-finance-de,German,,New financial order updates,24,24,0,0,0,2019-08-21,2022-08-18,heuristic
220,1,New York City SI activity,location-nyc-de,German,,New York City SI activity,4,4,0,0,0,2019-02-19,2022-11-13,heuristic
221,1,Nigeria,nigeria,English (default),,Nigeria,1,1,0,0,0,2021-11-10,2021-11-10,heuristic
222,1,Norway,norway,English (default),,Norway,1,1,0,0,0,2021-04-30,2021-04-30,heuristic
223,1,old coverage,old-coverage,English (default),,old coverage,6,6,0,0,0,2018-01-27,2021-09-22,exact
224,1,Our conferences,activity-conference-de,German,,Our conferences,18,18,0,0,0,2019-02-19,2023-08-14,heuristic
225,1,"Our initiatives (petitions, etc)",activity-initiatives-de,German,,"Our initiatives (petitions, etc)",39,39,0,0,1,2019-04-01,2024-08-06,heuristic
226,1,Pakistan,pakistan,English (default),,Pakistan,2,2,0,0,0,2021-04-30,2021-12-17,heuristic
227,1,Railway developments,railway-developments,English (default),,Railway developments,1,1,0,0,0,2022-02-03,2022-02-03,exact
228,1,Sare for Senate news,sare-for-senate-news,English (default),,Sare for Senate news,1,1,0,0,0,2022-08-04,2022-08-04,exact
229,1,Scientific research studies,studies-science,English (default),,Scientific research studies,12,12,0,0,0,2020-04-11,2021-07-06,heuristic
230,1,Space updates,updates-space-de,German,,Space updates,18,18,0,0,0,2019-07-13,2021-07-06,heuristic
231,1,Stop the Sanctions,stop-the-sanctions,English (default),,Stop the Sanctions,9,9,0,0,0,2021-04-10,2021-12-15,exact
232,1,Stop World War,stop-world-war-ru,Russian,,Stop World War,3,3,0,0,0,2016-11-04,2018-05-06,exact
233,1,Studies & contributions,studies,English (default),,Studies & contributions,4,4,0,0,0,2021-02-15,2022-04-06,exact
234,2,Economic development studies,studies-economic-de,German,Studies & contributions,Studies & contributions > Economic development studies,6,5,1,0,0,2020-04-11,2021-08-02,exact
235,2,Scientific research studies,studies-science-de,German,Studies & contributions,Studies & contributions > Scientific research studies,12,11,1,0,0,2020-04-11,2022-11-13,exact
236,1,Sweden,sweden,English (default),,Sweden,1,1,0,0,0,2021-04-30,2021-04-30,exact
237,1,Syria,syria,English (default),,Syria,1,1,0,0,0,2021-05-11,2021-05-11,heuristic
238,1,Syria,syria-allgemein-de,German,,Syria,1,1,0,0,0,2023-03-01,2023-03-01,heuristic
239,1,The Committee for the Coincidence of Opposites,committee-for-the-coincidence-of-opposites,English (default),,The Committee for the Coincidence of Opposites,41,41,0,0,0,2020-10-14,2022-01-19,heuristic
240,1,The Committee for the Coincidence of Opposites,committee-for-the-coincidence-of-opposites-de,German,,The Committee for the Coincidence of Opposites,19,19,0,0,0,2020-12-25,2022-01-20,heuristic
241,2,Healthcare,healthcare-de,German,The Committee for the Coincidence of Opposites,The Committee for the Coincidence of Opposites > Healthcare,60,60,0,0,0,2021-04-12,2022-03-25,exact
242,3,COVID-19,covid-19,English (default),Healthcare,The Committee for the Coincidence of Opposites > Healthcare > COVID-19,85,85,0,0,0,2021-02-28,2022-11-29,exact
243,1,The World Land-Bridge,,unknown,,The World Land-Bridge,0,0,0,0,0,,,no-posts-in-export
244,1,Uncategorized @da,,Danish,,Uncategorized @da,0,0,0,0,0,,,no-posts-in-export
245,1,United States SI activity,location-usa-de,German,,United States SI activity,5,5,0,0,0,2019-02-19,2022-11-13,heuristic
246,1,Unsere Kampagne,unsere-kampagne,English (default),,Unsere Kampagne,7,7,0,0,0,2014-04-02,2018-11-13,exact
247,2,“Grün” bedeutet Tod,grun-bedeutet-tod,English (default),Unsere Kampagne,Unsere Kampagne > “Grün” bedeutet Tod,61,61,0,0,0,2015-11-03,2022-03-25,exact
248,2,BRICS,brics-de-4,German,Unsere Kampagne,Unsere Kampagne > BRICS,25,25,0,0,0,2018-07-31,2022-11-13,heuristic
249,2,Die Weltlandbrücke bauen,die-weltlandbrucke-bauen,English (default),Unsere Kampagne,Unsere Kampagne > Die Weltlandbrücke bauen,80,80,0,0,0,2014-04-02,2023-01-01,exact
250,2,Eine neue Renaissance,eine-neue-renaissance,English (default),Unsere Kampagne,Unsere Kampagne > Eine neue Renaissance,34,33,1,0,0,2013-03-12,2023-08-14,exact
251,2,Stoppt die Sanktionen,stoppt-die-sanktionen,English (default),Unsere Kampagne,Unsere Kampagne > Stoppt die Sanktionen,26,26,0,0,0,2021-04-12,2023-03-01,exact
252,2,Weltkrieg stoppen,weltkrieg-stoppen,English (default),Unsere Kampagne,Unsere Kampagne > Weltkrieg stoppen,124,122,2,0,2,2013-09-26,2024-09-07,exact
253,1,Webcast,webcast-de,German,,Webcast,291,289,2,0,87,2017-10-17,2026-06-16,exact
254,1,Webcast mit Helga Zepp-LaRouche,webcast-mit-helga-zepp-larouche,English (default),,Webcast mit Helga Zepp-LaRouche,343,341,2,0,86,2017-11-14,2026-06-16,exact
255,1,WFP,wfp,English (default),,WFP,3,3,0,0,0,2021-12-15,2022-03-29,exact
256,1,World Land-Bridge updates,updates-wlb-de,German,,World Land-Bridge updates,16,15,1,0,0,2019-03-24,2022-04-03,heuristic
257,1,Youth Movement,youth-movement-de,German,,Youth Movement,4,4,0,0,1,2021-02-13,2025-11-11,heuristic
